SEO Title,page link,WP engine title,Default
Global Lives Project - A Video Library of Life Experiences,8,home,
Blog - Global Lives Project,66,blog,√
Thank You - Global Lives Project  ,3115,Thank You,√
About - Global Lives Project  ,17,About,√
Get an overview - Global Lives Project,1261,About - Overview,
Board of Directors - Global Lives Project  ,35,About - Board of Directors,√
Advisory Council - Global Lives Project  ,29,About - Advisory Council,√
Staff - Global Lives Project,36,About - Staff,√
Crew Members - Global Lives Project,31,About - Crew,√
Find Careers and Internships - Global Lives Project,27,About - Careers & Internships,
Press - Global Lives Project  ,79,About - Press,√
Presenting Sponsors - Global Lives Project,19,About - Presenting Sponsors,
Partners - Global Lives Project,1241,About - Partners,
Donate - Global Lives Project,4727,Donate,
Educate - Global Lives Project  ,3246,Educate,√
Empathy Kit - Global Lives Project,3248,Empathy Kit,√
Events - Global Lives Project  ,5350,Events,√
Explore the Collection - Global Lives Project,37,Explore the Collection,√
Independent Shoots - Global Lives Project,3244,Independent Shoots,√
Participate - Global Lives Project,41,Participate,√
Crew Member Inquiry Form - Global Lives Project,2932,- Crew Member Inquiry Form,√
Particpant Educate - Global Lives Project  ,1072,- Educate,√
Classroom Curriculum - Global Lives Project,4978,-- Classroom Curriculum,√
Exhibits for Students - Global Lives Project,4982,-- Exhibits for Students,√
Assemblies & Community Events - Global Lives Project,4984,-- Assemblies & Community Events,√
Professional Development - Global Lives Project,4635,-- Professional Development,√
Online Video Collection - Global Lives Project,4987,-- Online Video Collection,√
Host A Museum Exhibit - Global Lives Project,52,- Host A Museum Exhibit,√
Volunteer - Global Lives Project,42,- Volunteer,√
Volunteer Form - Global Lives Project,1677,-- Volunteer Form,√
Translate - Global Lives Project,4993,-- Translate,√
Propose a Shoot - Global Lives Project,291,- Propose a Shoot,√
Upfront Considerations - Global Lives Project,44,-- Upfront Considerations,√
Submit a Producer Inquiry - Global Lives Project,824,-- Submit a Producer Inquiry,√
Produce and Translate Your Shoot - Global Lives Project,4996,-- Produce and Translate Your Shoot,√
Write a Proposal - Global Lives Project,826,-- Write a Proposal,√
Lives in Transit - Global Lives Project,4998,Lives in Transit,√
Production Guide - Global Lives Project,3252,Production Guide,√
Profile - Global Lives Project,1493,Profile,√
Resources - Global Lives Project,54,Resources,√
For Educators - Global Lives Project,55,- For Educators,
Unheard Stories Resources - Global Lives Project,4033,-- Unheard Stories Resources,√
For Producers - Global Lives Project,61,- For Producers,√
For Translators - Global Lives Project,876,- For Translators,√
Translation FAQ - Global Lives Project,5027,-- Translation FAQ,√
Sponsor a Teacher - Global Lives Project,3675,Sponsor a Teacher,√
Thank you for donating - Global Lives Project,3386,Thank you for donating,√
Thank You! - Global Lives Project,4546,Thank You!,√
License - Global Lives Project,2739,License,√