Select, locked,Home — Front Page,glp_admin ,—No comments,Published,2013/01/04  ,OK,  Bad ,
Select Blog,“Blog” is locked,— Blog — Posts Page,glp_admin ,—No comments,Published,2014/10/20  ,OK,  Bad 
Select Thank You,“Thank You” is locked,— Thank You,David Harris  ,—No comments,Published,2013/06/20  ,OK,  ,Good,  
Select About,“About” is locked,About,glp_admin ,—No comments,Published,2013/01/07,Focus keyword not set,  Bad 
Select Overview,“Overview” is locked,— Overview,rosawu  ,—No comments,Published,2013/02/08  ,Good,  Bad 
Select Board of Directors,“Board of Directors” is locked,— Board of Directors,glp_admin ,—No comments,Published,2013/01/07  ,OK,  Bad 
Select Advisory Council,“Advisory Council” is locked,— Advisory Council,glp_admin ,—No comments,Published,2013/01/07  ,OK,  Bad 
Select Staff,“Staff” is locked,— Staff,glp_admin ,—No comments,Published,2013/01/07  ,Good,  Bad 
Select Crew Members,“Crew Members” is locked,— Crew Members,glp_admin ,—No comments,Published,2013/01/07  ,OK,  Bad 
Select Careers & Internships,“Careers & Internships” is locked,— Careers & Internships,glp_admin ,—No comments,Published,2013/01/07  ,Good,  Bad 
Select Press,“Press” is locked,— Press,glp_admin ,—No comments,Published,2013/01/07  ,Good,  Bad 
Select Presenting Sponsors,“Presenting Sponsors” is locked,— Presenting Sponsors,glp_admin ,—No comments,Published,2013/01/07  ,OK,  ,Good,  
Select Partners,“Partners” is locked,— Partners,rosawu  ,—No comments,Published,2013/02/08  ,OK,  ,OK,  
Select Donate,“Donate” is locked,Donate,David Harris  ,—No comments,Published,2013/02/08  ,Good,  Bad 
Select Educate,“Educate” is locked,Educate,David Harris  ,—No comments,Published,2013/11/15,Focus keyword not set,  Bad ,(301)  /resources/educators/?q=educate
Select Empathy Kit,“Empathy Kit” is locked,Empathy Kit,David Harris  ,—No comments,Published,2013/11/20,Focus keyword not set,  Bad ,(301)  /resources/educators/?q=empathy
Select Events,“Events” is locked,Events,Ben ,—No comments,Published,2017/03/26,Focus keyword not set,  Bad 
Select Explore the Collection,“Explore the Collection” is locked,Explore the Collection,glp_admin ,—No comments,Published,2013/01/07,Focus keyword not set,  Bad 
Select Independent Shoots,“Independent Shoots” is locked,Independent Shoots,David Harris  ,—No comments,Published,2013/11/15,Focus keyword not set,  Bad ,(301)  /participate/propose/?q=independent
Select Participate,“Participate” is locked,Participate,glp_admin ,—No comments,Published,2013/01/07,Focus keyword not set,  Bad 
Select Crew Member Inquiry Form,“Crew Member Inquiry Form” is locked,— Crew Member Inquiry Form,Lauren Valdez ,1,1 comment,Published,2013/02/25,Focus keyword not set,  Bad 
Select Educate,“Educate” is locked,— Educate,rosawu  ,—No comments,Published,2013/02/06  ,OK,  Bad 
Select Classroom Curriculum,“Classroom Curriculum” is locked,— — Classroom Curriculum,ajay  ,—No comments,Published,2016/05/31  ,Good,  Bad 
Select Exhibits for Students,“Exhibits for Students” is locked,— — Exhibits for Students,ajay  ,—No comments,Published,2016/05/31  ,OK,  Bad 
Select Assemblies & Community Events,“Assemblies & Community Events” is locked,— — Assemblies & Community Events,ajay  ,—No comments,Published,2016/05/31  Bad Bad 
Select Professional Development,“Professional Development” is locked,— — Professional Development,sarah.s.davis@gmail.com ,—No comments,Published,2015/04/02  ,OK,  Bad 
Select Online Video Collection,“Online Video Collection” is locked,— — Online Video Collection,ajay  ,—No comments,Published,2016/05/31  ,OK,  Bad 
Select Host A Museum Exhibit,“Host A Museum Exhibit” is locked,— Host A Museum Exhibit,glp_admin ,—No comments,Published,2013/01/07  ,OK,  Bad 
Select Volunteer,“Volunteer” is locked,— Volunteer,glp_admin ,1,1 comment,Published,2013/01/07  Bad Bad 
Select Translate,“Translate” is locked,— — Translate,ajay  ,—No comments,Published,2016/05/31  ,Good,  Bad 
Select Propose a Shoot,“Propose a Shoot” is locked,— Propose a Shoot,Lauren Valdez ,—No comments,Published,2013/01/30  ,Good,  Bad 
Select Upfront Considerations,“Upfront Considerations” is locked,— — Upfront Considerations,glp_admin ,—No comments,Published,2013/01/07  ,Good,  Bad 
Select Submit a Producer Inquiry,“Submit a Producer Inquiry” is locked,— — Submit a Producer Inquiry,rosawu  ,—No comments,Published,2013/02/05  ,Good,  ,OK,  
Select Produce and Translate Your Shoot,“Produce and Translate Your Shoot” is locked,— — Produce and Translate Your Shoot,ajay  ,—No comments,Published,2016/05/31  ,Good,  Bad 
Select Write a Proposal,“Write a Proposal” is locked,— — Write a Proposal,rosawu  ,—No comments,Published,2013/02/05  ,Good,  Bad 
Select Lives in Transit,“Lives in Transit” is locked,— — Lives in Transit,ajay  ,—No comments,Published,2016/05/31  ,Good,  Bad 
Select Production Guide,“Production Guide” is locked,Production Guide,David Harris  ,—No comments,Published,2013/11/20,Focus keyword not set,  Bad ,(301)  /resources/producers/overview/?q=guide
Select Profile,“Profile” is locked,Profile,glp_admin ,—No comments,Published,2013/01/19,Focus keyword not set,  Bad 
Select Resources,“Resources” is locked,Resources,glp_admin ,—No comments,Published,2013/01/07,Focus keyword not set,  Bad 
Select For Educators,“For Educators” is locked,— For Educators,glp_admin ,—No comments,Published,2013/01/07  ,OK,  Bad ,(302)  http://globallives.org/wp-content/uploads/2014/09/Unheard-Stories-Global-Lives-Curriculum-2014-09-15.pdf
Select Unheard Stories Resources,“Unheard Stories Resources” is locked,— — Unheard Stories Resources,David Harris  ,—No comments,Published,2014/05/14  ,Good,  Bad 
Select For Producers,“For Producers” is locked,— For Producers,glp_admin ,1,1 comment,Published,2013/01/07  ,OK,  Bad 
Select For Translators,“For Translators” is locked,— For Translators,rosawu  ,—No comments,Published,2013/02/06,Focus keyword not set,  Not available 
Select Translation FAQ,“Translation FAQ” is locked,— — Translation FAQ,ajay  ,—No comments,Published,2016/05/31,Focus keyword not set,  Not available 
Select Sponsor a Teacher,“Sponsor a Teacher” is locked,Sponsor a Teacher,Danny Spitzberg ,1,1 comment,Published,2014/01/17,Focus keyword not set,  Not available 
Select Thank you for donating,“Thank you for donating” is locked,Thank you for donating,Danny Spitzberg ,—No comments,Published,2013/12/14,Focus keyword not set,  Not available 
Select Thank You!,“Thank You!” is locked,Thank You!,Guilaine  ,—No comments,Published,2014/12/15,Focus keyword not set,  Not available 
Select License,“License” is locked,License,David Harris  ,—No comments,Published,2013/02/15,Focus keyword not set,  Not available 